ddRAD2.0_PstI_P1.1_GTGTAACC	ACACTCTTTCCCTACACGACGCTCTTCCGATCTgtgtaaccTGC*A	100nm	STD
ddRAD2.0_PstI_P1.1_AGCTTACC	ACACTCTTTCCCTACACGACGCTCTTCCGATCTagcttaccTGC*A	100nm	STD
ddRAD2.0_PstI_P1.1_AGGAACGT	ACACTCTTTCCCTACACGACGCTCTTCCGATCTaggaacgtTGC*A	100nm	STD
ddRAD2.0_PstI_P1.1_GCAAGCAA	ACACTCTTTCCCTACACGACGCTCTTCCGATCTgcaagcaaTGC*A	100nm	STD
ddRAD2.0_PstI_P1.1_AATCGCCT	ACACTCTTTCCCTACACGACGCTCTTCCGATCTaatcgcctTGC*A	100nm	STD
ddRAD2.0_PstI_P1.1_CCTCATCT	ACACTCTTTCCCTACACGACGCTCTTCCGATCTcctcatctTGC*A	100nm	STD
ddRAD2.0_PstI_P1.1_ATGCCACA	ACACTCTTTCCCTACACGACGCTCTTCCGATCTatgccacaTGC*A	100nm	STD
ddRAD2.0_PstI_P1.1_ATACGTGC	ACACTCTTTCCCTACACGACGCTCTTCCGATCTatacgtgcTGC*A	100nm	STD
ddRAD2.0_PstI_P1.1_ACACTCAG	ACACTCTTTCCCTACACGACGCTCTTCCGATCTacactcagTGC*A	100nm	STD
ddRAD2.0_PstI_P1.1_AAGGATCC	ACACTCTTTCCCTACACGACGCTCTTCCGATCTaaggatccTGC*A	100nm	STD
ddRAD2.0_PstI_P1.1_TGTCAGTG	ACACTCTTTCCCTACACGACGCTCTTCCGATCTtgtcagtgTGC*A	100nm	STD
ddRAD2.0_PstI_P1.1_CTATGGAG	ACACTCTTTCCCTACACGACGCTCTTCCGATCTctatggagTGC*A	100nm	STD
ddRAD2.0_PstI_P1.1_CTTAGTGG	ACACTCTTTCCCTACACGACGCTCTTCCGATCTcttagtggTGC*A	100nm	STD
ddRAD2.0_PstI_P1.1_ACGTCAAC	ACACTCTTTCCCTACACGACGCTCTTCCGATCTacgtcaacTGC*A	100nm	STD
ddRAD2.0_PstI_P1.1_CGACTCTT	ACACTCTTTCCCTACACGACGCTCTTCCGATCTcgactcttTGC*A	100nm	STD
ddRAD2.0_PstI_P1.1_CGACAAGA	ACACTCTTTCCCTACACGACGCTCTTCCGATCTcgacaagaTGC*A	100nm	STD
ddRAD2.0_PstI_P1.1_GTTCCAAG	ACACTCTTTCCCTACACGACGCTCTTCCGATCTgttccaagTGC*A	100nm	STD
ddRAD2.0_PstI_P1.1_CAAGGTGA	ACACTCTTTCCCTACACGACGCTCTTCCGATCTcaaggtgaTGC*A	100nm	STD
ddRAD2.0_PstI_P1.1_ACAAGAGG	ACACTCTTTCCCTACACGACGCTCTTCCGATCTacaagaggTGC*A	100nm	STD
ddRAD2.0_PstI_P1.1_GAGAGAGT	ACACTCTTTCCCTACACGACGCTCTTCCGATCTgagagagtTGC*A	100nm	STD
ddRAD2.0_PstI_P1.1_GATGACTC	ACACTCTTTCCCTACACGACGCTCTTCCGATCTgatgactcTGC*A	100nm	STD
ddRAD2.0_PstI_P1.1_AGGTCCTA	ACACTCTTTCCCTACACGACGCTCTTCCGATCTaggtcctaTGC*A	100nm	STD
ddRAD2.0_PstI_P1.1_CTGGTTCA	ACACTCTTTCCCTACACGACGCTCTTCCGATCTctggttcaTGC*A	100nm	STD
ddRAD2.0_PstI_P1.1_TGAGGATG	ACACTCTTTCCCTACACGACGCTCTTCCGATCTtgaggatgTGC*A	100nm	STD
ddRAD2.0_PstI_P1.1_CGTAGGTT	ACACTCTTTCCCTACACGACGCTCTTCCGATCTcgtaggttTGC*A	100nm	STD
ddRAD2.0_PstI_P1.1_GAATCACG	ACACTCTTTCCCTACACGACGCTCTTCCGATCTgaatcacgTGC*A	100nm	STD
ddRAD2.0_PstI_P1.1_GGCAATCT	ACACTCTTTCCCTACACGACGCTCTTCCGATCTggcaatctTGC*A	100nm	STD
ddRAD2.0_PstI_P1.1_CAGAACAC	ACACTCTTTCCCTACACGACGCTCTTCCGATCTcagaacacTGC*A	100nm	STD
ddRAD2.0_PstI_P1.1_AAGGCGTT	ACACTCTTTCCCTACACGACGCTCTTCCGATCTaaggcgttTGC*A	100nm	STD
ddRAD2.0_PstI_P1.1_TTGTTCCG	ACACTCTTTCCCTACACGACGCTCTTCCGATCTttgttccgTGC*A	100nm	STD
ddRAD2.0_PstI_P1.1_TTAACGCG	ACACTCTTTCCCTACACGACGCTCTTCCGATCTttaacgcgTGC*A	100nm	STD
ddRAD2.0_PstI_P1.1_AAGACTGG	ACACTCTTTCCCTACACGACGCTCTTCCGATCTaagactggTGC*A	100nm	STD
ddRAD2.0_PstI_P1.1_ACAATGCC	ACACTCTTTCCCTACACGACGCTCTTCCGATCTacaatgccTGC*A	100nm	STD
ddRAD2.0_PstI_P1.1_CTCACAGT	ACACTCTTTCCCTACACGACGCTCTTCCGATCTctcacagtTGC*A	100nm	STD
ddRAD2.0_PstI_P1.1_CGTGCATA	ACACTCTTTCCCTACACGACGCTCTTCCGATCTcgtgcataTGC*A	100nm	STD
ddRAD2.0_PstI_P1.1_CCTATAGC	ACACTCTTTCCCTACACGACGCTCTTCCGATCTcctatagcTGC*A	100nm	STD
ddRAD2.0_PstI_P1.1_CTTCCTTC	ACACTCTTTCCCTACACGACGCTCTTCCGATCTcttccttcTGC*A	100nm	STD
ddRAD2.0_PstI_P1.1_GATCGGTA	ACACTCTTTCCCTACACGACGCTCTTCCGATCTgatcggtaTGC*A	100nm	STD
ddRAD2.0_PstI_P1.1_GGATTGTC	ACACTCTTTCCCTACACGACGCTCTTCCGATCTggattgtcTGC*A	100nm	STD
ddRAD2.0_PstI_P1.1_GCTATTCG	ACACTCTTTCCCTACACGACGCTCTTCCGATCTgctattcgTGC*A	100nm	STD
ddRAD2.0_PstI_P1.1_TTCTGAGG	ACACTCTTTCCCTACACGACGCTCTTCCGATCTttctgaggTGC*A	100nm	STD
ddRAD2.0_PstI_P1.1_CCATACTG	ACACTCTTTCCCTACACGACGCTCTTCCGATCTccatactgTGC*A	100nm	STD
ddRAD2.0_PstI_P1.1_ACGCTTGT	ACACTCTTTCCCTACACGACGCTCTTCCGATCTacgcttgtTGC*A	100nm	STD
ddRAD2.0_PstI_P1.1_ATGTTGGC	ACACTCTTTCCCTACACGACGCTCTTCCGATCTatgttggcTGC*A	100nm	STD
ddRAD2.0_PstI_P1.1_GTGAAGGA	ACACTCTTTCCCTACACGACGCTCTTCCGATCTgtgaaggaTGC*A	100nm	STD
ddRAD2.0_PstI_P1.1_CCAGTTAC	ACACTCTTTCCCTACACGACGCTCTTCCGATCTccagttacTGC*A	100nm	STD
ddRAD2.0_PstI_P1.1_AACGGAAG	ACACTCTTTCCCTACACGACGCTCTTCCGATCTaacggaagTGC*A	100nm	STD
ddRAD2.0_PstI_P1.1_GGACGTAT	ACACTCTTTCCCTACACGACGCTCTTCCGATCTggacgtatTGC*A	100nm	STD
ddRAD2.0_PstI_P1.1_CCAACGAT	ACACTCTTTCCCTACACGACGCTCTTCCGATCTccaacgatTGC*A	100nm	STD
ddRAD2.0_PstI_P1.1_GCGTTATG	ACACTCTTTCCCTACACGACGCTCTTCCGATCTgcgttatgTGC*A	100nm	STD
ddRAD2.0_PstI_P1.1_CGCCTTAA	ACACTCTTTCCCTACACGACGCTCTTCCGATCTcgccttaaTGC*A	100nm	STD
ddRAD2.0_PstI_P1.1_TCCAATGG	ACACTCTTTCCCTACACGACGCTCTTCCGATCTtccaatggTGC*A	100nm	STD
ddRAD2.0_PstI_P1.1_TACGGTCT	ACACTCTTTCCCTACACGACGCTCTTCCGATCTtacggtctTGC*A	100nm	STD
ddRAD2.0_PstI_P1.1_AACCTCTC	ACACTCTTTCCCTACACGACGCTCTTCCGATCTaacctctcTGC*A	100nm	STD
ddRAD2.0_PstI_P1.1_CGGAATTG	ACACTCTTTCCCTACACGACGCTCTTCCGATCTcggaattgTGC*A	100nm	STD
ddRAD2.0_PstI_P1.1_ACCTGTTG	ACACTCTTTCCCTACACGACGCTCTTCCGATCTacctgttgTGC*A	100nm	STD
ddRAD2.0_PstI_P1.1_AACCAGGT	ACACTCTTTCCCTACACGACGCTCTTCCGATCTaaccaggtTGC*A	100nm	STD
ddRAD2.0_PstI_P1.1_CAACCTAG	ACACTCTTTCCCTACACGACGCTCTTCCGATCTcaacctagTGC*A	100nm	STD
ddRAD2.0_PstI_P1.1_ACTTCGGT	ACACTCTTTCCCTACACGACGCTCTTCCGATCTacttcggtTGC*A	100nm	STD
ddRAD2.0_PstI_P1.1_GACCATAC	ACACTCTTTCCCTACACGACGCTCTTCCGATCTgaccatacTGC*A	100nm	STD
ddRAD2.0_PstI_P1.1_AGTGGTAC	ACACTCTTTCCCTACACGACGCTCTTCCGATCTagtggtacTGC*A	100nm	STD
ddRAD2.0_PstI_P1.1_TCGCATTC	ACACTCTTTCCCTACACGACGCTCTTCCGATCTtcgcattcTGC*A	100nm	STD
ddRAD2.0_PstI_P1.1_AGCACATG	ACACTCTTTCCCTACACGACGCTCTTCCGATCTagcacatgTGC*A	100nm	STD
ddRAD2.0_PstI_P1.1_CTAAGCTC	ACACTCTTTCCCTACACGACGCTCTTCCGATCTctaagctcTGC*A	100nm	STD
ddRAD2.0_PstI_P1.1_ACCTAGCA	ACACTCTTTCCCTACACGACGCTCTTCCGATCTacctagcaTGC*A	100nm	STD
ddRAD2.0_PstI_P1.1_CTCGTGAT	ACACTCTTTCCCTACACGACGCTCTTCCGATCTctcgtgatTGC*A	100nm	STD
ddRAD2.0_PstI_P1.1_ACAGCACT	ACACTCTTTCCCTACACGACGCTCTTCCGATCTacagcactTGC*A	100nm	STD
ddRAD2.0_PstI_P1.1_GGCTCAAT	ACACTCTTTCCCTACACGACGCTCTTCCGATCTggctcaatTGC*A	100nm	STD
ddRAD2.0_PstI_P1.1_AACAACCG	ACACTCTTTCCCTACACGACGCTCTTCCGATCTaacaaccgTGC*A	100nm	STD
ddRAD2.0_PstI_P1.1_ACACCGTA	ACACTCTTTCCCTACACGACGCTCTTCCGATCTacaccgtaTGC*A	100nm	STD
ddRAD2.0_PstI_P1.1_CCTGGAAT	ACACTCTTTCCCTACACGACGCTCTTCCGATCTcctggaatTGC*A	100nm	STD
ddRAD2.0_PstI_P1.1_AGAGTTCG	ACACTCTTTCCCTACACGACGCTCTTCCGATCTagagttcgTGC*A	100nm	STD
ddRAD2.0_PstI_P1.1_CAGTAAGG	ACACTCTTTCCCTACACGACGCTCTTCCGATCTcagtaaggTGC*A	100nm	STD
ddRAD2.0_PstI_P1.1_GTGGTCTT	ACACTCTTTCCCTACACGACGCTCTTCCGATCTgtggtcttTGC*A	100nm	STD
ddRAD2.0_PstI_P1.1_GTCAGAAC	ACACTCTTTCCCTACACGACGCTCTTCCGATCTgtcagaacTGC*A	100nm	STD
ddRAD2.0_PstI_P1.1_AGGTAGAG	ACACTCTTTCCCTACACGACGCTCTTCCGATCTaggtagagTGC*A	100nm	STD
ddRAD2.0_PstI_P1.1_TGTGTGCT	ACACTCTTTCCCTACACGACGCTCTTCCGATCTtgtgtgctTGC*A	100nm	STD
ddRAD2.0_PstI_P1.1_CACTAGTC	ACACTCTTTCCCTACACGACGCTCTTCCGATCTcactagtcTGC*A	100nm	STD
ddRAD2.0_PstI_P1.1_TCCTTCAC	ACACTCTTTCCCTACACGACGCTCTTCCGATCTtccttcacTGC*A	100nm	STD
ddRAD2.0_PstI_P1.1_GACTTGAG	ACACTCTTTCCCTACACGACGCTCTTCCGATCTgacttgagTGC*A	100nm	STD
ddRAD2.0_PstI_P1.1_TCCGTAGT	ACACTCTTTCCCTACACGACGCTCTTCCGATCTtccgtagtTGC*A	100nm	STD
ddRAD2.0_PstI_P1.1_CACTTCCA	ACACTCTTTCCCTACACGACGCTCTTCCGATCTcacttccaTGC*A	100nm	STD
ddRAD2.0_PstI_P1.1_AACACGAC	ACACTCTTTCCCTACACGACGCTCTTCCGATCTaacacgacTGC*A	100nm	STD
ddRAD2.0_PstI_P1.1_TCATGCGT	ACACTCTTTCCCTACACGACGCTCTTCCGATCTtcatgcgtTGC*A	100nm	STD
ddRAD2.0_PstI_P1.1_AGCATGGA	ACACTCTTTCCCTACACGACGCTCTTCCGATCTagcatggaTGC*A	100nm	STD
ddRAD2.0_PstI_P1.1_CCGATGTA	ACACTCTTTCCCTACACGACGCTCTTCCGATCTccgatgtaTGC*A	100nm	STD
ddRAD2.0_PstI_P1.1_GGTCTACA	ACACTCTTTCCCTACACGACGCTCTTCCGATCTggtctacaTGC*A	100nm	STD
ddRAD2.0_PstI_P1.1_AAGAGGCA	ACACTCTTTCCCTACACGACGCTCTTCCGATCTaagaggcaTGC*A	100nm	STD
ddRAD2.0_PstI_P1.1_ATTGGCTG	ACACTCTTTCCCTACACGACGCTCTTCCGATCTattggctgTGC*A	100nm	STD
ddRAD2.0_PstI_P1.1_GAACTGCT	ACACTCTTTCCCTACACGACGCTCTTCCGATCTgaactgctTGC*A	100nm	STD
ddRAD2.0_PstI_P1.1_GTACACCA	ACACTCTTTCCCTACACGACGCTCTTCCGATCTgtacaccaTGC*A	100nm	STD
ddRAD2.0_PstI_P1.1_ACCGAATC	ACACTCTTTCCCTACACGACGCTCTTCCGATCTaccgaatcTGC*A	100nm	STD
ddRAD2.0_PstI_P1.1_CGATATCC	ACACTCTTTCCCTACACGACGCTCTTCCGATCTcgatatccTGC*A	100nm	STD
ddRAD2.0_PstI_P1.1_CAAGACCT	ACACTCTTTCCCTACACGACGCTCTTCCGATCTcaagacctTGC*A	100nm	STD
ddRAD2.0_PstI_P1.1_ACTGACGA	ACACTCTTTCCCTACACGACGCTCTTCCGATCTactgacgaTGC*A	100nm	STD
ddRAD2.0_PstI_P1.1_AATGCAGC	ACACTCTTTCCCTACACGACGCTCTTCCGATCTaatgcagcTGC*A	100nm	STD
ddRAD2.0_PstI_P1.2_GTGTAACC	/5Phos/ggttacacAGATCGGAAGAGCGTCGTGTAGGGAAAGAGTGT	100nm	STD
ddRAD2.0_PstI_P1.2_AGCTTACC	/5Phos/ggtaagctAGATCGGAAGAGCGTCGTGTAGGGAAAGAGTGT	100nm	STD
ddRAD2.0_PstI_P1.2_AGGAACGT	/5Phos/acgttcctAGATCGGAAGAGCGTCGTGTAGGGAAAGAGTGT	100nm	STD
ddRAD2.0_PstI_P1.2_GCAAGCAA	/5Phos/ttgcttgcAGATCGGAAGAGCGTCGTGTAGGGAAAGAGTGT	100nm	STD
ddRAD2.0_PstI_P1.2_AATCGCCT	/5Phos/aggcgattAGATCGGAAGAGCGTCGTGTAGGGAAAGAGTGT	100nm	STD
ddRAD2.0_PstI_P1.2_CCTCATCT	/5Phos/agatgaggAGATCGGAAGAGCGTCGTGTAGGGAAAGAGTGT	100nm	STD
ddRAD2.0_PstI_P1.2_ATGCCACA	/5Phos/tgtggcatAGATCGGAAGAGCGTCGTGTAGGGAAAGAGTGT	100nm	STD
ddRAD2.0_PstI_P1.2_ATACGTGC	/5Phos/gcacgtatAGATCGGAAGAGCGTCGTGTAGGGAAAGAGTGT	100nm	STD
ddRAD2.0_PstI_P1.2_ACACTCAG	/5Phos/ctgagtgtAGATCGGAAGAGCGTCGTGTAGGGAAAGAGTGT	100nm	STD
ddRAD2.0_PstI_P1.2_AAGGATCC	/5Phos/ggatccttAGATCGGAAGAGCGTCGTGTAGGGAAAGAGTGT	100nm	STD
ddRAD2.0_PstI_P1.2_TGTCAGTG	/5Phos/cactgacaAGATCGGAAGAGCGTCGTGTAGGGAAAGAGTGT	100nm	STD
ddRAD2.0_PstI_P1.2_CTATGGAG	/5Phos/ctccatagAGATCGGAAGAGCGTCGTGTAGGGAAAGAGTGT	100nm	STD
ddRAD2.0_PstI_P1.2_CTTAGTGG	/5Phos/ccactaagAGATCGGAAGAGCGTCGTGTAGGGAAAGAGTGT	100nm	STD
ddRAD2.0_PstI_P1.2_ACGTCAAC	/5Phos/gttgacgtAGATCGGAAGAGCGTCGTGTAGGGAAAGAGTGT	100nm	STD
ddRAD2.0_PstI_P1.2_CGACTCTT	/5Phos/aagagtcgAGATCGGAAGAGCGTCGTGTAGGGAAAGAGTGT	100nm	STD
ddRAD2.0_PstI_P1.2_CGACAAGA	/5Phos/tcttgtcgAGATCGGAAGAGCGTCGTGTAGGGAAAGAGTGT	100nm	STD
ddRAD2.0_PstI_P1.2_GTTCCAAG	/5Phos/cttggaacAGATCGGAAGAGCGTCGTGTAGGGAAAGAGTGT	100nm	STD
ddRAD2.0_PstI_P1.2_CAAGGTGA	/5Phos/tcaccttgAGATCGGAAGAGCGTCGTGTAGGGAAAGAGTGT	100nm	STD
ddRAD2.0_PstI_P1.2_ACAAGAGG	/5Phos/cctcttgtAGATCGGAAGAGCGTCGTGTAGGGAAAGAGTGT	100nm	STD
ddRAD2.0_PstI_P1.2_GAGAGAGT	/5Phos/actctctcAGATCGGAAGAGCGTCGTGTAGGGAAAGAGTGT	100nm	STD
ddRAD2.0_PstI_P1.2_GATGACTC	/5Phos/gagtcatcAGATCGGAAGAGCGTCGTGTAGGGAAAGAGTGT	100nm	STD
ddRAD2.0_PstI_P1.2_AGGTCCTA	/5Phos/taggacctAGATCGGAAGAGCGTCGTGTAGGGAAAGAGTGT	100nm	STD
ddRAD2.0_PstI_P1.2_CTGGTTCA	/5Phos/tgaaccagAGATCGGAAGAGCGTCGTGTAGGGAAAGAGTGT	100nm	STD
ddRAD2.0_PstI_P1.2_TGAGGATG	/5Phos/catcctcaAGATCGGAAGAGCGTCGTGTAGGGAAAGAGTGT	100nm	STD
ddRAD2.0_PstI_P1.2_CGTAGGTT	/5Phos/aacctacgAGATCGGAAGAGCGTCGTGTAGGGAAAGAGTGT	100nm	STD
ddRAD2.0_PstI_P1.2_GAATCACG	/5Phos/cgtgattcAGATCGGAAGAGCGTCGTGTAGGGAAAGAGTGT	100nm	STD
ddRAD2.0_PstI_P1.2_GGCAATCT	/5Phos/agattgccAGATCGGAAGAGCGTCGTGTAGGGAAAGAGTGT	100nm	STD
ddRAD2.0_PstI_P1.2_CAGAACAC	/5Phos/gtgttctgAGATCGGAAGAGCGTCGTGTAGGGAAAGAGTGT	100nm	STD
ddRAD2.0_PstI_P1.2_AAGGCGTT	/5Phos/aacgccttAGATCGGAAGAGCGTCGTGTAGGGAAAGAGTGT	100nm	STD
ddRAD2.0_PstI_P1.2_TTGTTCCG	/5Phos/cggaacaaAGATCGGAAGAGCGTCGTGTAGGGAAAGAGTGT	100nm	STD
ddRAD2.0_PstI_P1.2_TTAACGCG	/5Phos/cgcgttaaAGATCGGAAGAGCGTCGTGTAGGGAAAGAGTGT	100nm	STD
ddRAD2.0_PstI_P1.2_AAGACTGG	/5Phos/ccagtcttAGATCGGAAGAGCGTCGTGTAGGGAAAGAGTGT	100nm	STD
ddRAD2.0_PstI_P1.2_ACAATGCC	/5Phos/ggcattgtAGATCGGAAGAGCGTCGTGTAGGGAAAGAGTGT	100nm	STD
ddRAD2.0_PstI_P1.2_CTCACAGT	/5Phos/actgtgagAGATCGGAAGAGCGTCGTGTAGGGAAAGAGTGT	100nm	STD
ddRAD2.0_PstI_P1.2_CGTGCATA	/5Phos/tatgcacgAGATCGGAAGAGCGTCGTGTAGGGAAAGAGTGT	100nm	STD
ddRAD2.0_PstI_P1.2_CCTATAGC	/5Phos/gctataggAGATCGGAAGAGCGTCGTGTAGGGAAAGAGTGT	100nm	STD
ddRAD2.0_PstI_P1.2_CTTCCTTC	/5Phos/gaaggaagAGATCGGAAGAGCGTCGTGTAGGGAAAGAGTGT	100nm	STD
ddRAD2.0_PstI_P1.2_GATCGGTA	/5Phos/taccgatcAGATCGGAAGAGCGTCGTGTAGGGAAAGAGTGT	100nm	STD
ddRAD2.0_PstI_P1.2_GGATTGTC	/5Phos/gacaatccAGATCGGAAGAGCGTCGTGTAGGGAAAGAGTGT	100nm	STD
ddRAD2.0_PstI_P1.2_GCTATTCG	/5Phos/cgaatagcAGATCGGAAGAGCGTCGTGTAGGGAAAGAGTGT	100nm	STD
ddRAD2.0_PstI_P1.2_TTCTGAGG	/5Phos/cctcagaaAGATCGGAAGAGCGTCGTGTAGGGAAAGAGTGT	100nm	STD
ddRAD2.0_PstI_P1.2_CCATACTG	/5Phos/cagtatggAGATCGGAAGAGCGTCGTGTAGGGAAAGAGTGT	100nm	STD
ddRAD2.0_PstI_P1.2_ACGCTTGT	/5Phos/acaagcgtAGATCGGAAGAGCGTCGTGTAGGGAAAGAGTGT	100nm	STD
ddRAD2.0_PstI_P1.2_ATGTTGGC	/5Phos/gccaacatAGATCGGAAGAGCGTCGTGTAGGGAAAGAGTGT	100nm	STD
ddRAD2.0_PstI_P1.2_GTGAAGGA	/5Phos/tccttcacAGATCGGAAGAGCGTCGTGTAGGGAAAGAGTGT	100nm	STD
ddRAD2.0_PstI_P1.2_CCAGTTAC	/5Phos/gtaactggAGATCGGAAGAGCGTCGTGTAGGGAAAGAGTGT	100nm	STD
ddRAD2.0_PstI_P1.2_AACGGAAG	/5Phos/cttccgttAGATCGGAAGAGCGTCGTGTAGGGAAAGAGTGT	100nm	STD
ddRAD2.0_PstI_P1.2_GGACGTAT	/5Phos/atacgtccAGATCGGAAGAGCGTCGTGTAGGGAAAGAGTGT	100nm	STD
ddRAD2.0_PstI_P1.2_CCAACGAT	/5Phos/atcgttggAGATCGGAAGAGCGTCGTGTAGGGAAAGAGTGT	100nm	STD
ddRAD2.0_PstI_P1.2_GCGTTATG	/5Phos/cataacgcAGATCGGAAGAGCGTCGTGTAGGGAAAGAGTGT	100nm	STD
ddRAD2.0_PstI_P1.2_CGCCTTAA	/5Phos/ttaaggcgAGATCGGAAGAGCGTCGTGTAGGGAAAGAGTGT	100nm	STD
ddRAD2.0_PstI_P1.2_TCCAATGG	/5Phos/ccattggaAGATCGGAAGAGCGTCGTGTAGGGAAAGAGTGT	100nm	STD
ddRAD2.0_PstI_P1.2_TACGGTCT	/5Phos/agaccgtaAGATCGGAAGAGCGTCGTGTAGGGAAAGAGTGT	100nm	STD
ddRAD2.0_PstI_P1.2_AACCTCTC	/5Phos/gagaggttAGATCGGAAGAGCGTCGTGTAGGGAAAGAGTGT	100nm	STD
ddRAD2.0_PstI_P1.2_CGGAATTG	/5Phos/caattccgAGATCGGAAGAGCGTCGTGTAGGGAAAGAGTGT	100nm	STD
ddRAD2.0_PstI_P1.2_ACCTGTTG	/5Phos/caacaggtAGATCGGAAGAGCGTCGTGTAGGGAAAGAGTGT	100nm	STD
ddRAD2.0_PstI_P1.2_AACCAGGT	/5Phos/acctggttAGATCGGAAGAGCGTCGTGTAGGGAAAGAGTGT	100nm	STD
ddRAD2.0_PstI_P1.2_CAACCTAG	/5Phos/ctaggttgAGATCGGAAGAGCGTCGTGTAGGGAAAGAGTGT	100nm	STD
ddRAD2.0_PstI_P1.2_ACTTCGGT	/5Phos/accgaagtAGATCGGAAGAGCGTCGTGTAGGGAAAGAGTGT	100nm	STD
ddRAD2.0_PstI_P1.2_GACCATAC	/5Phos/gtatggtcAGATCGGAAGAGCGTCGTGTAGGGAAAGAGTGT	100nm	STD
ddRAD2.0_PstI_P1.2_AGTGGTAC	/5Phos/gtaccactAGATCGGAAGAGCGTCGTGTAGGGAAAGAGTGT	100nm	STD
ddRAD2.0_PstI_P1.2_TCGCATTC	/5Phos/gaatgcgaAGATCGGAAGAGCGTCGTGTAGGGAAAGAGTGT	100nm	STD
ddRAD2.0_PstI_P1.2_AGCACATG	/5Phos/catgtgctAGATCGGAAGAGCGTCGTGTAGGGAAAGAGTGT	100nm	STD
ddRAD2.0_PstI_P1.2_CTAAGCTC	/5Phos/gagcttagAGATCGGAAGAGCGTCGTGTAGGGAAAGAGTGT	100nm	STD
ddRAD2.0_PstI_P1.2_ACCTAGCA	/5Phos/tgctaggtAGATCGGAAGAGCGTCGTGTAGGGAAAGAGTGT	100nm	STD
ddRAD2.0_PstI_P1.2_CTCGTGAT	/5Phos/atcacgagAGATCGGAAGAGCGTCGTGTAGGGAAAGAGTGT	100nm	STD
ddRAD2.0_PstI_P1.2_ACAGCACT	/5Phos/agtgctgtAGATCGGAAGAGCGTCGTGTAGGGAAAGAGTGT	100nm	STD
ddRAD2.0_PstI_P1.2_GGCTCAAT	/5Phos/attgagccAGATCGGAAGAGCGTCGTGTAGGGAAAGAGTGT	100nm	STD
ddRAD2.0_PstI_P1.2_AACAACCG	/5Phos/cggttgttAGATCGGAAGAGCGTCGTGTAGGGAAAGAGTGT	100nm	STD
ddRAD2.0_PstI_P1.2_ACACCGTA	/5Phos/tacggtgtAGATCGGAAGAGCGTCGTGTAGGGAAAGAGTGT	100nm	STD
ddRAD2.0_PstI_P1.2_CCTGGAAT	/5Phos/attccaggAGATCGGAAGAGCGTCGTGTAGGGAAAGAGTGT	100nm	STD
ddRAD2.0_PstI_P1.2_AGAGTTCG	/5Phos/cgaactctAGATCGGAAGAGCGTCGTGTAGGGAAAGAGTGT	100nm	STD
ddRAD2.0_PstI_P1.2_CAGTAAGG	/5Phos/ccttactgAGATCGGAAGAGCGTCGTGTAGGGAAAGAGTGT	100nm	STD
ddRAD2.0_PstI_P1.2_GTGGTCTT	/5Phos/aagaccacAGATCGGAAGAGCGTCGTGTAGGGAAAGAGTGT	100nm	STD
ddRAD2.0_PstI_P1.2_GTCAGAAC	/5Phos/gttctgacAGATCGGAAGAGCGTCGTGTAGGGAAAGAGTGT	100nm	STD
ddRAD2.0_PstI_P1.2_AGGTAGAG	/5Phos/ctctacctAGATCGGAAGAGCGTCGTGTAGGGAAAGAGTGT	100nm	STD
ddRAD2.0_PstI_P1.2_TGTGTGCT	/5Phos/agcacacaAGATCGGAAGAGCGTCGTGTAGGGAAAGAGTGT	100nm	STD
ddRAD2.0_PstI_P1.2_CACTAGTC	/5Phos/gactagtgAGATCGGAAGAGCGTCGTGTAGGGAAAGAGTGT	100nm	STD
ddRAD2.0_PstI_P1.2_TCCTTCAC	/5Phos/gtgaaggaAGATCGGAAGAGCGTCGTGTAGGGAAAGAGTGT	100nm	STD
ddRAD2.0_PstI_P1.2_GACTTGAG	/5Phos/ctcaagtcAGATCGGAAGAGCGTCGTGTAGGGAAAGAGTGT	100nm	STD
ddRAD2.0_PstI_P1.2_TCCGTAGT	/5Phos/actacggaAGATCGGAAGAGCGTCGTGTAGGGAAAGAGTGT	100nm	STD
ddRAD2.0_PstI_P1.2_CACTTCCA	/5Phos/tggaagtgAGATCGGAAGAGCGTCGTGTAGGGAAAGAGTGT	100nm	STD
ddRAD2.0_PstI_P1.2_AACACGAC	/5Phos/gtcgtgttAGATCGGAAGAGCGTCGTGTAGGGAAAGAGTGT	100nm	STD
ddRAD2.0_PstI_P1.2_TCATGCGT	/5Phos/acgcatgaAGATCGGAAGAGCGTCGTGTAGGGAAAGAGTGT	100nm	STD
ddRAD2.0_PstI_P1.2_AGCATGGA	/5Phos/tccatgctAGATCGGAAGAGCGTCGTGTAGGGAAAGAGTGT	100nm	STD
ddRAD2.0_PstI_P1.2_CCGATGTA	/5Phos/tacatcggAGATCGGAAGAGCGTCGTGTAGGGAAAGAGTGT	100nm	STD
ddRAD2.0_PstI_P1.2_GGTCTACA	/5Phos/tgtagaccAGATCGGAAGAGCGTCGTGTAGGGAAAGAGTGT	100nm	STD
ddRAD2.0_PstI_P1.2_AAGAGGCA	/5Phos/tgcctcttAGATCGGAAGAGCGTCGTGTAGGGAAAGAGTGT	100nm	STD
ddRAD2.0_PstI_P1.2_ATTGGCTG	/5Phos/cagccaatAGATCGGAAGAGCGTCGTGTAGGGAAAGAGTGT	100nm	STD
ddRAD2.0_PstI_P1.2_GAACTGCT	/5Phos/agcagttcAGATCGGAAGAGCGTCGTGTAGGGAAAGAGTGT	100nm	STD
ddRAD2.0_PstI_P1.2_GTACACCA	/5Phos/tggtgtacAGATCGGAAGAGCGTCGTGTAGGGAAAGAGTGT	100nm	STD
ddRAD2.0_PstI_P1.2_ACCGAATC	/5Phos/gattcggtAGATCGGAAGAGCGTCGTGTAGGGAAAGAGTGT	100nm	STD
ddRAD2.0_PstI_P1.2_CGATATCC	/5Phos/ggatatcgAGATCGGAAGAGCGTCGTGTAGGGAAAGAGTGT	100nm	STD
ddRAD2.0_PstI_P1.2_CAAGACCT	/5Phos/aggtcttgAGATCGGAAGAGCGTCGTGTAGGGAAAGAGTGT	100nm	STD
ddRAD2.0_PstI_P1.2_ACTGACGA	/5Phos/tcgtcagtAGATCGGAAGAGCGTCGTGTAGGGAAAGAGTGT	100nm	STD
ddRAD2.0_PstI_P1.2_AATGCAGC	/5Phos/gctgcattAGATCGGAAGAGCGTCGTGTAGGGAAAGAGTGT	100nm	STD
ddRAD2.0_MspI_P2.1	GTGACTGGAGTTCAGACGTGTGCTCTTCCGATC*T	100nm	STD
ddRAD2.0_MspI_P2.2	/5phos/GATCGGAAGAGCGAGAACAA	100nm	STD
ddRAD2.0_PCR1	AATGATACGGCGACCACCGAGATCTACACTCTTTCCCTACACGAC*G	100nm	STD
ddRAD2.0_PCR2_IDX13d	CAAGCAGAAGACGGCATACGAGATnnnnacatcgGTGACTGGAGTTCAGACGTGTG*C	100nm	STD
ddRAD2.0_PCR2_IDX14d	CAAGCAGAAGACGGCATACGAGATnnnntggtcaGTGACTGGAGTTCAGACGTGTG*C	100nm	STD
ddRAD2.0_PCR2_IDX15d	CAAGCAGAAGACGGCATACGAGATnnnncactgtGTGACTGGAGTTCAGACGTGTG*C	100nm	STD
ddRAD2.0_PCR2_IDX16d	CAAGCAGAAGACGGCATACGAGATnnnnattggcGTGACTGGAGTTCAGACGTGTG*C	100nm	STD
ddRAD2.0_PCR2_IDX17d	CAAGCAGAAGACGGCATACGAGATnnnngatctgGTGACTGGAGTTCAGACGTGTG*C	100nm	STD
ddRAD2.0_PCR2_IDX18d	CAAGCAGAAGACGGCATACGAGATnnnnctgatcGTGACTGGAGTTCAGACGTGTG*C	100nm	STD
ddRAD2.0_PCR2_IDX19d	CAAGCAGAAGACGGCATACGAGATnnnntacaagGTGACTGGAGTTCAGACGTGTG*C	100nm	STD
ddRAD2.0_PCR2_IDX20d	CAAGCAGAAGACGGCATACGAGATnnnntgacatGTGACTGGAGTTCAGACGTGTG*C	100nm	STD
ddRAD2.0_PCR2_IDX21d	CAAGCAGAAGACGGCATACGAGATnnnnggacggGTGACTGGAGTTCAGACGTGTG*C	100nm	STD
ddRAD2.0_PCR2_IDX22d	CAAGCAGAAGACGGCATACGAGATnnnngcggacGTGACTGGAGTTCAGACGTGTG*C	100nm	STD
ddRAD2.0_PCR2_IDX23d	CAAGCAGAAGACGGCATACGAGATnnnntttcacGTGACTGGAGTTCAGACGTGTG*C	100nm	STD
