UCE2.0_P1.1_AGTCCGACTG	ACACTCTTTCCCTACACGACGCTCTTCCGATCTagtccgactg*T	100nm	STD
UCE2.0_P1.1_AAGGTGCCTG	ACACTCTTTCCCTACACGACGCTCTTCCGATCTaaggtgcctg*T	100nm	STD
UCE2.0_P1.1_ATATCCGTGG	ACACTCTTTCCCTACACGACGCTCTTCCGATCTatatccgtgg*T	100nm	STD
UCE2.0_P1.1_GGAGCTATGG	ACACTCTTTCCCTACACGACGCTCTTCCGATCTggagctatgg*T	100nm	STD
UCE2.0_P1.1_CCATATGAAC	ACACTCTTTCCCTACACGACGCTCTTCCGATCTccatatgaac*T	100nm	STD
UCE2.0_P1.1_GCAATTACCG	ACACTCTTTCCCTACACGACGCTCTTCCGATCTgcaattaccg*T	100nm	STD
UCE2.0_P1.1_AATGCTGGTT	ACACTCTTTCCCTACACGACGCTCTTCCGATCTaatgctggtt*T	100nm	STD
UCE2.0_P1.1_AACAACAACC	ACACTCTTTCCCTACACGACGCTCTTCCGATCTaacaacaacc*T	100nm	STD
UCE2.0_P1.1_ACCGCCTATT	ACACTCTTTCCCTACACGACGCTCTTCCGATCTaccgcctatt*T	100nm	STD
UCE2.0_P1.1_ACACGTATGA	ACACTCTTTCCCTACACGACGCTCTTCCGATCTacacgtatga*T	100nm	STD
UCE2.0_P1.1_CCGACTAAGC	ACACTCTTTCCCTACACGACGCTCTTCCGATCTccgactaagc*T	100nm	STD
UCE2.0_P1.1_GGCGGATTGA	ACACTCTTTCCCTACACGACGCTCTTCCGATCTggcggattga*T	100nm	STD
UCE2.0_P1.1_TTGGCGGTTC	ACACTCTTTCCCTACACGACGCTCTTCCGATCTttggcggttc*T	100nm	STD
UCE2.0_P1.1_GGCGTTACAT	ACACTCTTTCCCTACACGACGCTCTTCCGATCTggcgttacat*T	100nm	STD
UCE2.0_P1.1_GGTTGTGGCT	ACACTCTTTCCCTACACGACGCTCTTCCGATCTggttgtggct*T	100nm	STD
UCE2.0_P1.1_AAGTCGTTGT	ACACTCTTTCCCTACACGACGCTCTTCCGATCTaagtcgttgt*T	100nm	STD
UCE2.0_P1.1_ATGGAAGGAA	ACACTCTTTCCCTACACGACGCTCTTCCGATCTatggaaggaa*T	100nm	STD
UCE2.0_P1.1_TTGTCTCGAC	ACACTCTTTCCCTACACGACGCTCTTCCGATCTttgtctcgac*T	100nm	STD
UCE2.0_P1.1_AACACGGAAT	ACACTCTTTCCCTACACGACGCTCTTCCGATCTaacacggaat*T	100nm	STD
UCE2.0_P1.1_TCCAATACTC	ACACTCTTTCCCTACACGACGCTCTTCCGATCTtccaatactc*T	100nm	STD
UCE2.0_P1.1_TAGTGATGCA	ACACTCTTTCCCTACACGACGCTCTTCCGATCTtagtgatgca*T	100nm	STD
UCE2.0_P1.1_CGATAGGCTG	ACACTCTTTCCCTACACGACGCTCTTCCGATCTcgataggctg*T	100nm	STD
UCE2.0_P1.1_CGTAGTATAC	ACACTCTTTCCCTACACGACGCTCTTCCGATCTcgtagtatac*T	100nm	STD
UCE2.0_P1.1_ACAGAAGACT	ACACTCTTTCCCTACACGACGCTCTTCCGATCTacagaagact*T	100nm	STD
UCE2.0_P1.2_AGTCCGACTG	/5Phos/cagtcggactAGATCGGAAGAGCGTCGTGTAGGGAAAGAGTGT	100nm	HPLC
UCE2.0_P1.2_AAGGTGCCTG	/5Phos/caggcaccttAGATCGGAAGAGCGTCGTGTAGGGAAAGAGTGT	100nm	HPLC
UCE2.0_P1.2_ATATCCGTGG	/5Phos/ccacggatatAGATCGGAAGAGCGTCGTGTAGGGAAAGAGTGT	100nm	HPLC
UCE2.0_P1.2_GGAGCTATGG	/5Phos/ccatagctccAGATCGGAAGAGCGTCGTGTAGGGAAAGAGTGT	100nm	HPLC
UCE2.0_P1.2_CCATATGAAC	/5Phos/gttcatatggAGATCGGAAGAGCGTCGTGTAGGGAAAGAGTGT	100nm	HPLC
UCE2.0_P1.2_GCAATTACCG	/5Phos/cggtaattgcAGATCGGAAGAGCGTCGTGTAGGGAAAGAGTGT	100nm	HPLC
UCE2.0_P1.2_AATGCTGGTT	/5Phos/aaccagcattAGATCGGAAGAGCGTCGTGTAGGGAAAGAGTGT	100nm	HPLC
UCE2.0_P1.2_AACAACAACC	/5Phos/ggttgttgttAGATCGGAAGAGCGTCGTGTAGGGAAAGAGTGT	100nm	HPLC
UCE2.0_P1.2_ACCGCCTATT	/5Phos/aataggcggtAGATCGGAAGAGCGTCGTGTAGGGAAAGAGTGT	100nm	HPLC
UCE2.0_P1.2_ACACGTATGA	/5Phos/tcatacgtgtAGATCGGAAGAGCGTCGTGTAGGGAAAGAGTGT	100nm	HPLC
UCE2.0_P1.2_CCGACTAAGC	/5Phos/gcttagtcggAGATCGGAAGAGCGTCGTGTAGGGAAAGAGTGT	100nm	HPLC
UCE2.0_P1.2_GGCGGATTGA	/5Phos/tcaatccgccAGATCGGAAGAGCGTCGTGTAGGGAAAGAGTGT	100nm	HPLC
UCE2.0_P1.2_TTGGCGGTTC	/5Phos/gaaccgccaaAGATCGGAAGAGCGTCGTGTAGGGAAAGAGTGT	100nm	HPLC
UCE2.0_P1.2_GGCGTTACAT	/5Phos/atgtaacgccAGATCGGAAGAGCGTCGTGTAGGGAAAGAGTGT	100nm	HPLC
UCE2.0_P1.2_GGTTGTGGCT	/5Phos/agccacaaccAGATCGGAAGAGCGTCGTGTAGGGAAAGAGTGT	100nm	HPLC
UCE2.0_P1.2_AAGTCGTTGT	/5Phos/acaacgacttAGATCGGAAGAGCGTCGTGTAGGGAAAGAGTGT	100nm	HPLC
UCE2.0_P1.2_ATGGAAGGAA	/5Phos/ttccttccatAGATCGGAAGAGCGTCGTGTAGGGAAAGAGTGT	100nm	HPLC
UCE2.0_P1.2_TTGTCTCGAC	/5Phos/gtcgagacaaAGATCGGAAGAGCGTCGTGTAGGGAAAGAGTGT	100nm	HPLC
UCE2.0_P1.2_AACACGGAAT	/5Phos/attccgtgttAGATCGGAAGAGCGTCGTGTAGGGAAAGAGTGT	100nm	HPLC
UCE2.0_P1.2_TCCAATACTC	/5Phos/gagtattggaAGATCGGAAGAGCGTCGTGTAGGGAAAGAGTGT	100nm	HPLC
UCE2.0_P1.2_TAGTGATGCA	/5Phos/tgcatcactaAGATCGGAAGAGCGTCGTGTAGGGAAAGAGTGT	100nm	HPLC
UCE2.0_P1.2_CGATAGGCTG	/5Phos/cagcctatcgAGATCGGAAGAGCGTCGTGTAGGGAAAGAGTGT	100nm	HPLC
UCE2.0_P1.2_CGTAGTATAC	/5Phos/gtatactacgAGATCGGAAGAGCGTCGTGTAGGGAAAGAGTGT	100nm	HPLC
UCE2.0_P1.2_ACAGAAGACT	/5Phos/agtcttctgtAGATCGGAAGAGCGTCGTGTAGGGAAAGAGTGT	100nm	HPLC
UCE2.0_P2.1	GTGACTGGAGTTCAGACGTGTGCTCTTCCGATC*T	100nm	STD
UCE2.0_P2.2	/5phos/GATCGGAAGAGCGAGAACAA	100nm	STD
